
--drop database ThongTinDich
create database ThongTinDichCovid
go
use ThongTinDichCovid
go

/* Tao cac bang */
-----
--drop table QTV
create table QTV
(
	[MaAdmin] [nvarchar](255),
	[TenUser] [nvarchar](255),
	[Password] [nvarchar](255),
	PRIMARY KEY (MaAdmin),
)
--drop table NhanVien
create table NhanVien
(
	[MaNV] [float],
	[TenUser] [nvarchar](255),
	[Password] [nvarchar](255),
	[MaAdmin] [nvarchar](255),
	PRIMARY KEY (MaNV),
)
--drop table TheGioi
create table TheGioi
(
	[MaQG] [nvarchar](255),
	[TenQG] [nvarchar](255),
	[TGNhiemTong] [float],
	[TGNhiemMoi] [float],
	[TGTuTong] [float],
	[TGTuMoi] [float],
	[TGKhoiTong] [float],
	[MaNV] [float],
	PRIMARY KEY (MaQG),
)
--drop table VietNam
create table VietNam
(
	[MaTP] [nvarchar](255),
	[TenTP] [nvarchar](255),
	[NhiemTong] [float],
	[NhiemMoi] [float],
	[TuTong] [float],
	[TuMoi] [float],
	[TiemMot] [float],
	[TiemDu] [float],
	[MaNV] [float],
	PRIMARY KEY (MaTP),
)

/* Them thong tin*/
INSERT NhanVien ([MaNV], [TenUser], [Password], [MaAdmin]) VALUES (1, N'Ngan', N'12345', N'ad1')
INSERT NhanVien ([MaNV], [TenUser], [Password], [MaAdmin]) VALUES (2, N'Ngoc', N'12345', N'ad1')
INSERT NhanVien ([MaNV], [TenUser], [Password], [MaAdmin]) VALUES (3, N'Quynh', N'12345', N'ad1')
INSERT NhanVien ([MaNV], [TenUser], [Password], [MaAdmin]) VALUES (4, N'Truc', N'12345', N'ad1')
INSERT NhanVien ([MaNV], [TenUser], [Password], [MaAdmin]) VALUES (5, N'Vuong', N'12345', N'ad1')

INSERT QTV ([MaAdmin], [TenUser], [Password]) VALUES (N'ad1', N'admin1', N'12345')

INSERT TheGioi ([MaQG], [TenQG], [TGNhiemTong], [TGNhiemMoi], [TGTuTong], [TGTuMoi], [TGKhoiTong], [MaNV]) VALUES (N'QG00', N'TỔNG', 275730545, 113518, 5381337, 2336, 245699727, 2)
INSERT TheGioi ([MaQG], [TenQG], [TGNhiemTong], [TGNhiemMoi], [TGTuTong], [TGTuMoi], [TGKhoiTong], [MaNV]) VALUES (N'QG01', N'Mỹ', 51765714, NULL, 827323, NULL, 40539875, 3)
INSERT TheGioi ([MaQG], [TenQG], [TGNhiemTong], [TGNhiemMoi], [TGTuTong], [TGTuMoi], [TGKhoiTong], [MaNV]) VALUES (N'QG02', N'Ấn Độ', 34746838, NULL, 477554, NULL, 34187017, 3)
INSERT TheGioi ([MaQG], [TenQG], [TGNhiemTong], [TGNhiemMoi], [TGTuTong], [TGTuMoi], [TGKhoiTong], [MaNV]) VALUES (N'QG03', N'Brazil', 22213762, NULL, 617838, NULL, 21414318, 5)
INSERT TheGioi ([MaQG], [TenQG], [TGNhiemTong], [TGNhiemMoi], [TGTuTong], [TGTuMoi], [TGKhoiTong], [MaNV]) VALUES (N'QG04', N'Anh', 11361387, NULL, 147218, NULL, 9783355, 1)
INSERT TheGioi ([MaQG], [TenQG], [TGNhiemTong], [TGNhiemMoi], [TGTuTong], [TGTuMoi], [TGKhoiTong], [MaNV]) VALUES (N'QG05', N'Nga', 10241812, 27022, 298222, 1019, 9014980, 3)
INSERT TheGioi ([MaQG], [TenQG], [TGNhiemTong], [TGNhiemMoi], [TGTuTong], [TGTuMoi], [TGKhoiTong], [MaNV]) VALUES (N'QG06', N'Thổ Nhĩ Kỳ', 9171119, NULL, 80415, NULL, 8785600, 2)
INSERT TheGioi ([MaQG], [TenQG], [TGNhiemTong], [TGNhiemMoi], [TGTuTong], [TGTuMoi], [TGKhoiTong], [MaNV]) VALUES (N'QG07', N'Pháp', 8625849, NULL, 121493, NULL, 7506834, 4)
INSERT TheGioi ([MaQG], [TenQG], [TGNhiemTong], [TGNhiemMoi], [TGTuTong], [TGTuMoi], [TGKhoiTong], [MaNV]) VALUES (N'QG08', N'Đức', 6812736, NULL, 108963, NULL, 5801400, 1)
INSERT TheGioi ([MaQG], [TenQG], [TGNhiemTong], [TGNhiemMoi], [TGTuTong], [TGTuMoi], [TGKhoiTong], [MaNV]) VALUES (N'QG09', N'Iran', 6170979, NULL, 131083, NULL, 6004277, 1)
INSERT TheGioi ([MaQG], [TenQG], [TGNhiemTong], [TGNhiemMoi], [TGTuTong], [TGTuMoi], [TGKhoiTong], [MaNV]) VALUES (N'QG10', N'Tây Ban Nha', 5455527, NULL, 88708, NULL, 4968287, 1)
INSERT TheGioi ([MaQG], [TenQG], [TGNhiemTong], [TGNhiemMoi], [TGTuTong], [TGTuMoi], [TGKhoiTong], [MaNV]) VALUES (N'QG11', N'Argentina', 5389707, NULL, 116903, NULL, 5233769, 5)
INSERT TheGioi ([MaQG], [TenQG], [TGNhiemTong], [TGNhiemMoi], [TGTuTong], [TGTuMoi], [TGKhoiTong], [MaNV]) VALUES (N'QG12', N'Italy', 5389155, NULL, 135641, NULL, 4891239, 5)
INSERT TheGioi ([MaQG], [TenQG], [TGNhiemTong], [TGNhiemMoi], [TGTuTong], [TGTuMoi], [TGKhoiTong], [MaNV]) VALUES (N'QG13', N'Colombia', 5107323, NULL, 129458, NULL, 4946899, 1)
INSERT TheGioi ([MaQG], [TenQG], [TGNhiemTong], [TGNhiemMoi], [TGTuTong], [TGTuMoi], [TGKhoiTong], [MaNV]) VALUES (N'QG14', N'Indonesia', 4260677, 133, 144013, 11, 4111835, 4)
INSERT TheGioi ([MaQG], [TenQG], [TGNhiemTong], [TGNhiemMoi], [TGTuTong], [TGTuMoi], [TGKhoiTong], [MaNV]) VALUES (N'QG15', N'Ba Lan', 3968450, 9609, 91514, 29, 3458870, 4)
INSERT TheGioi ([MaQG], [TenQG], [TGNhiemTong], [TGNhiemMoi], [TGTuTong], [TGTuMoi], [TGKhoiTong], [MaNV]) VALUES (N'QG16', N'Mexico', 3933386, 841, 297858, 23, 3287874, 5)
INSERT TheGioi ([MaQG], [TenQG], [TGNhiemTong], [TGNhiemMoi], [TGTuTong], [TGTuMoi], [TGKhoiTong], [MaNV]) VALUES (N'QG17', N'Ukraine', 3610687, 2536, 93262, 157, 3338555, 4)
INSERT TheGioi ([MaQG], [TenQG], [TGNhiemTong], [TGNhiemMoi], [TGTuTong], [TGTuMoi], [TGKhoiTong], [MaNV]) VALUES (N'QG18', N'Nam Phi', 3308074, NULL, 90348, NULL, 3010513, 4)
INSERT TheGioi ([MaQG], [TenQG], [TGNhiemTong], [TGNhiemMoi], [TGTuTong], [TGTuMoi], [TGKhoiTong], [MaNV]) VALUES (N'QG19', N'Hà Lan', 2980003, NULL, 20468, NULL, 2379381, 4)
INSERT TheGioi ([MaQG], [TenQG], [TGNhiemTong], [TGNhiemMoi], [TGTuTong], [TGTuMoi], [TGKhoiTong], [MaNV]) VALUES (N'QG20', N'Philippines', 2837730, 263, 50784, 45, 2777354, 3)
INSERT TheGioi ([MaQG], [TenQG], [TGNhiemTong], [TGNhiemMoi], [TGTuTong], [TGTuMoi], [TGKhoiTong], [MaNV]) VALUES (N'QG21', N'Malaysia', 2718955, NULL, 31092, NULL, 2634381, 1)
INSERT TheGioi ([MaQG], [TenQG], [TGNhiemTong], [TGNhiemMoi], [TGTuTong], [TGTuMoi], [TGKhoiTong], [MaNV]) VALUES (N'QG22', N'Czech', 2406989, 3740, 35288, 22, 2173844, 5)
INSERT TheGioi ([MaQG], [TenQG], [TGNhiemTong], [TGNhiemMoi], [TGTuTong], [TGTuMoi], [TGKhoiTong], [MaNV]) VALUES (N'QG23', N'Peru', 2265320, NULL, 202225, NULL, 0, 1)
INSERT TheGioi ([MaQG], [TenQG], [TGNhiemTong], [TGNhiemMoi], [TGTuTong], [TGTuMoi], [TGKhoiTong], [MaNV]) VALUES (N'QG24', N'Thái Lan', 2194053, 2525, 21408, 31, 2132548, 2)
INSERT TheGioi ([MaQG], [TenQG], [TGNhiemTong], [TGNhiemMoi], [TGTuTong], [TGTuMoi], [TGKhoiTong], [MaNV]) VALUES (N'QG25', N'Iraq', 2090480, NULL, 24063, NULL, 2059866, 5)
INSERT TheGioi ([MaQG], [TenQG], [TGNhiemTong], [TGNhiemMoi], [TGTuTong], [TGTuMoi], [TGKhoiTong], [MaNV]) VALUES (N'QG26', N'Bỉ', 1999764, NULL, 27895, NULL, 1487522, 4)
INSERT TheGioi ([MaQG], [TenQG], [TGNhiemTong], [TGNhiemMoi], [TGTuTong], [TGTuMoi], [TGKhoiTong], [MaNV]) VALUES (N'QG27', N'Canada', 1883217, NULL, 30045, NULL, 1790996, 2)
INSERT TheGioi ([MaQG], [TenQG], [TGNhiemTong], [TGNhiemMoi], [TGTuTong], [TGTuMoi], [TGKhoiTong], [MaNV]) VALUES (N'QG28', N'Romania', 1798629, 424, 58232, 28, 1726051, 3)
INSERT TheGioi ([MaQG], [TenQG], [TGNhiemTong], [TGNhiemMoi], [TGTuTong], [TGTuMoi], [TGKhoiTong], [MaNV]) VALUES (N'QG29', N'Chile', 1791776, NULL, 38864, NULL, 1699021, 3)
INSERT TheGioi ([MaQG], [TenQG], [TGNhiemTong], [TGNhiemMoi], [TGTuTong], [TGTuMoi], [TGKhoiTong], [MaNV]) VALUES (N'QG30', N'Nhật Bản', 1729964, 187, 18379, NULL, 1710316, 4)
INSERT TheGioi ([MaQG], [TenQG], [TGNhiemTong], [TGNhiemMoi], [TGTuTong], [TGTuMoi], [TGKhoiTong], [MaNV]) VALUES (N'QG31', N'Bangladesh', 1581083, NULL, 28048, NULL, 1545571, 2)
INSERT TheGioi ([MaQG], [TenQG], [TGNhiemTong], [TGNhiemMoi], [TGTuTong], [TGTuMoi], [TGKhoiTong], [MaNV]) VALUES (N'QG32', N'Việt Nam', 1549032, 14966, 29747, 225, 1109899, 1)
INSERT TheGioi ([MaQG], [TenQG], [TGNhiemTong], [TGNhiemMoi], [TGTuTong], [TGTuMoi], [TGKhoiTong], [MaNV]) VALUES (N'QG33', N'Israel', 1355491, NULL, 8232, NULL, 1340532, 5)
INSERT TheGioi ([MaQG], [TenQG], [TGNhiemTong], [TGNhiemMoi], [TGTuTong], [TGTuMoi], [TGKhoiTong], [MaNV]) VALUES (N'QG34', N'Pakistan', 1291467, 359, 28878, 6, 1253001, 4)
INSERT TheGioi ([MaQG], [TenQG], [TGNhiemTong], [TGNhiemMoi], [TGTuTong], [TGTuMoi], [TGKhoiTong], [MaNV]) VALUES (N'QG35', N'Serbia', 1282461, NULL, 12401, NULL, 1242509, 4)
INSERT TheGioi ([MaQG], [TenQG], [TGNhiemTong], [TGNhiemMoi], [TGTuTong], [TGTuMoi], [TGKhoiTong], [MaNV]) VALUES (N'QG36', N'Thụy Điển', 1250885, NULL, 15197, NULL, 1174809, 2)
INSERT TheGioi ([MaQG], [TenQG], [TGNhiemTong], [TGNhiemMoi], [TGTuTong], [TGTuMoi], [TGKhoiTong], [MaNV]) VALUES (N'QG37', N'Áo', 1251433, 1792, 13496, 17, 1196295, 2)
INSERT TheGioi ([MaQG], [TenQG], [TGNhiemTong], [TGNhiemMoi], [TGTuTong], [TGTuMoi], [TGKhoiTong], [MaNV]) VALUES (N'QG38', N'Bồ Đào Nha', 1225102, NULL, 18778, NULL, 1133335, 4)
INSERT TheGioi ([MaQG], [TenQG], [TGNhiemTong], [TGNhiemMoi], [TGTuTong], [TGTuMoi], [TGKhoiTong], [MaNV]) VALUES (N'QG39', N'Hungary', 1228400, 10105, 37896, 366, 1048633, 3)
INSERT TheGioi ([MaQG], [TenQG], [TGNhiemTong], [TGNhiemMoi], [TGTuTong], [TGTuMoi], [TGKhoiTong], [MaNV]) VALUES (N'QG40', N'Thụy Sỹ', 1169968, NULL, 11968, NULL, 928155, 1)
INSERT TheGioi ([MaQG], [TenQG], [TGNhiemTong], [TGNhiemMoi], [TGTuTong], [TGTuMoi], [TGKhoiTong], [MaNV]) VALUES (N'QG41', N'Jordan', 1036665, NULL, 12230, NULL, 963726, 5)
INSERT TheGioi ([MaQG], [TenQG], [TGNhiemTong], [TGNhiemMoi], [TGTuTong], [TGTuMoi], [TGKhoiTong], [MaNV]) VALUES (N'QG42', N'Hy Lạp', 1034070, NULL, 19891, NULL, 958603, 4)
INSERT TheGioi ([MaQG], [TenQG], [TGNhiemTong], [TGNhiemMoi], [TGTuTong], [TGTuMoi], [TGKhoiTong], [MaNV]) VALUES (N'QG43', N'Kazakhstan', 983294, 379, 12923, 6, 953206, 5)
INSERT TheGioi ([MaQG], [TenQG], [TGNhiemTong], [TGNhiemMoi], [TGTuTong], [TGTuMoi], [TGKhoiTong], [MaNV]) VALUES (N'QG44', N'Cuba', 964097, NULL, 8314, NULL, 955368, 5)
INSERT TheGioi ([MaQG], [TenQG], [TGNhiemTong], [TGNhiemMoi], [TGTuTong], [TGTuMoi], [TGKhoiTong], [MaNV]) VALUES (N'QG45', N'Morocco', 952814, NULL, 14809, NULL, 936450, 1)
INSERT TheGioi ([MaQG], [TenQG], [TGNhiemTong], [TGNhiemMoi], [TGTuTong], [TGTuMoi], [TGKhoiTong], [MaNV]) VALUES (N'QG46', N'Georgia', 910456, 1296, 13116, 45, 863076, 3)
INSERT TheGioi ([MaQG], [TenQG], [TGNhiemTong], [TGNhiemMoi], [TGTuTong], [TGTuMoi], [TGKhoiTong], [MaNV]) VALUES (N'QG47', N'Nepal', 825954, 218, 11574, 1, 809155, 1)
INSERT TheGioi ([MaQG], [TenQG], [TGNhiemTong], [TGNhiemMoi], [TGTuTong], [TGTuMoi], [TGKhoiTong], [MaNV]) VALUES (N'QG48', N'Slovakia', 807339, 1224, 16068, 54, 716481, 4)
INSERT TheGioi ([MaQG], [TenQG], [TGNhiemTong], [TGNhiemMoi], [TGTuTong], [TGTuMoi], [TGKhoiTong], [MaNV]) VALUES (N'QG49', N'UAE', 744438, 301, 2152, 1, 738785, 2)
INSERT TheGioi ([MaQG], [TenQG], [TGNhiemTong], [TGNhiemMoi], [TGTuTong], [TGTuMoi], [TGKhoiTong], [MaNV]) VALUES (N'QG50', N'Bulgaria', 724793, NULL, 30082, NULL, 598703, 2)
INSERT TheGioi ([MaQG], [TenQG], [TGNhiemTong], [TGNhiemMoi], [TGTuTong], [TGTuMoi], [TGKhoiTong], [MaNV]) VALUES (N'QG51', N'Tunisia', 721031, NULL, 25470, NULL, 694052, 5)
INSERT TheGioi ([MaQG], [TenQG], [TGNhiemTong], [TGNhiemMoi], [TGTuTong], [TGTuMoi], [TGKhoiTong], [MaNV]) VALUES (N'QG52', N'Lebanon', 700943, NULL, 8936, NULL, 647268, 2)
INSERT TheGioi ([MaQG], [TenQG], [TGNhiemTong], [TGNhiemMoi], [TGTuTong], [TGTuMoi], [TGKhoiTong], [MaNV]) VALUES (N'QG53', N'Belarus', 684628, NULL, 5385, NULL, 676388, 3)
INSERT TheGioi ([MaQG], [TenQG], [TGNhiemTong], [TGNhiemMoi], [TGTuTong], [TGTuMoi], [TGKhoiTong], [MaNV]) VALUES (N'QG54', N'Croatia', 675730, 367, 12043, 62, 644117, 2)
INSERT TheGioi ([MaQG], [TenQG], [TGNhiemTong], [TGNhiemMoi], [TGTuTong], [TGTuMoi], [TGKhoiTong], [MaNV]) VALUES (N'QG55', N'Ireland', 656600, NULL, 5835, NULL, 512989, 4)
INSERT TheGioi ([MaQG], [TenQG], [TGNhiemTong], [TGNhiemMoi], [TGTuTong], [TGTuMoi], [TGKhoiTong], [MaNV]) VALUES (N'QG56', N'Guatemala', 623662, NULL, 16067, NULL, 606853, 5)
INSERT TheGioi ([MaQG], [TenQG], [TGNhiemTong], [TGNhiemMoi], [TGTuTong], [TGTuMoi], [TGKhoiTong], [MaNV]) VALUES (N'QG57', N'Đan Mạch', 627356, 10082, 3084, 8, 513181, 4)
INSERT TheGioi ([MaQG], [TenQG], [TGNhiemTong], [TGNhiemMoi], [TGTuTong], [TGTuMoi], [TGKhoiTong], [MaNV]) VALUES (N'QG58', N'Azerbaijan', 610895, 577, 8208, 9, 587338, 5)
INSERT TheGioi ([MaQG], [TenQG], [TGNhiemTong], [TGNhiemMoi], [TGTuTong], [TGTuMoi], [TGKhoiTong], [MaNV]) VALUES (N'QG59', N'Sri Lanka', 579685, NULL, 14752, NULL, 547182, 3)
INSERT TheGioi ([MaQG], [TenQG], [TGNhiemTong], [TGNhiemMoi], [TGTuTong], [TGTuMoi], [TGKhoiTong], [MaNV]) VALUES (N'QG60', N'Costa Rica', 568538, NULL, 7340, NULL, 559654, 5)
INSERT TheGioi ([MaQG], [TenQG], [TGNhiemTong], [TGNhiemMoi], [TGTuTong], [TGTuMoi], [TGKhoiTong], [MaNV]) VALUES (N'QG61', N'Hàn Quốc', 570417, 5319, 4776, 54, 456126, 5)
INSERT TheGioi ([MaQG], [TenQG], [TGNhiemTong], [TGNhiemMoi], [TGTuTong], [TGTuMoi], [TGKhoiTong], [MaNV]) VALUES (N'QG62', N'Bolivia', 564747, 889, 19440, 12, 511260, 1)
INSERT TheGioi ([MaQG], [TenQG], [TGNhiemTong], [TGNhiemMoi], [TGTuTong], [TGTuMoi], [TGKhoiTong], [MaNV]) VALUES (N'QG63', N'Saudi Arabia', 550842, NULL, 8862, NULL, 540079, 1)
INSERT TheGioi ([MaQG], [TenQG], [TGNhiemTong], [TGNhiemMoi], [TGTuTong], [TGTuMoi], [TGKhoiTong], [MaNV]) VALUES (N'QG64', N'Ecuador', 536129, NULL, 33593, NULL, 443880, 2)
INSERT TheGioi ([MaQG], [TenQG], [TGNhiemTong], [TGNhiemMoi], [TGTuTong], [TGTuMoi], [TGKhoiTong], [MaNV]) VALUES (N'QG65', N'Myanmar', 528253, NULL, 19220, NULL, 505395, 2)
INSERT TheGioi ([MaQG], [TenQG], [TGNhiemTong], [TGNhiemMoi], [TGTuTong], [TGTuMoi], [TGKhoiTong], [MaNV]) VALUES (N'QG66', N'Lithuania', 502969, 609, 7143, 19, 468115, 1)
INSERT TheGioi ([MaQG], [TenQG], [TGNhiemTong], [TGNhiemMoi], [TGTuTong], [TGTuMoi], [TGKhoiTong], [MaNV]) VALUES (N'QG67', N'Panama', 483386, NULL, 7398, NULL, 471894, 1)
INSERT TheGioi ([MaQG], [TenQG], [TGNhiemTong], [TGNhiemMoi], [TGTuTong], [TGTuMoi], [TGKhoiTong], [MaNV]) VALUES (N'QG68', N'Paraguay', 464280, NULL, 16535, NULL, 447035, 5)
INSERT TheGioi ([MaQG], [TenQG], [TGNhiemTong], [TGNhiemMoi], [TGTuTong], [TGTuMoi], [TGKhoiTong], [MaNV]) VALUES (N'QG69', N'Slovenia', 449149, 585, 5506, 10, 425374, 5)
INSERT TheGioi ([MaQG], [TenQG], [TGNhiemTong], [TGNhiemMoi], [TGTuTong], [TGTuMoi], [TGKhoiTong], [MaNV]) VALUES (N'QG70', N'Venezuela', 441562, NULL, 5285, NULL, 429949, 3)
INSERT TheGioi ([MaQG], [TenQG], [TGNhiemTong], [TGNhiemMoi], [TGTuTong], [TGTuMoi], [TGKhoiTong], [MaNV]) VALUES (N'QG71', N'Palestine', 436313, NULL, 4602, NULL, 427852, 1)
INSERT TheGioi ([MaQG], [TenQG], [TGNhiemTong], [TGNhiemMoi], [TGTuTong], [TGTuMoi], [TGKhoiTong], [MaNV]) VALUES (N'QG72', N'Kuwait', 414098, NULL, 2466, NULL, 411093, 2)
INSERT TheGioi ([MaQG], [TenQG], [TGNhiemTong], [TGNhiemMoi], [TGTuTong], [TGTuMoi], [TGKhoiTong], [MaNV]) VALUES (N'QG73', N'Oceania', 416113, 3992, 4405, NULL, 364977, 1)
INSERT TheGioi ([MaQG], [TenQG], [TGNhiemTong], [TGNhiemMoi], [TGTuTong], [TGTuMoi], [TGKhoiTong], [MaNV]) VALUES (N'QG74', N'Cộng hòa Dominica', 411721, NULL, 4223, NULL, 406041, 2)
INSERT TheGioi ([MaQG], [TenQG], [TGNhiemTong], [TGNhiemMoi], [TGTuTong], [TGTuMoi], [TGKhoiTong], [MaNV]) VALUES (N'QG75', N'Uruguay', 404460, NULL, 6155, NULL, 395525, 4)
INSERT TheGioi ([MaQG], [TenQG], [TGNhiemTong], [TGNhiemMoi], [TGTuTong], [TGTuMoi], [TGKhoiTong], [MaNV]) VALUES (N'QG76', N'Mông Cổ', 387116, 125, 2045, 2, 313256, 3)
INSERT TheGioi ([MaQG], [TenQG], [TGNhiemTong], [TGNhiemMoi], [TGTuTong], [TGTuMoi], [TGKhoiTong], [MaNV]) VALUES (N'QG77', N'Libya', 382341, 592, 5607, 9, 370567, 5)
INSERT TheGioi ([MaQG], [TenQG], [TGNhiemTong], [TGNhiemMoi], [TGTuTong], [TGTuMoi], [TGKhoiTong], [MaNV]) VALUES (N'QG78', N'Honduras', 378804, NULL, 10428, NULL, 123618, 1)
INSERT TheGioi ([MaQG], [TenQG], [TGNhiemTong], [TGNhiemMoi], [TGTuTong], [TGTuMoi], [TGKhoiTong], [MaNV]) VALUES (N'QG79', N'Ethiopia', 376375, NULL, 6866, NULL, 350873, 5)
INSERT TheGioi ([MaQG], [TenQG], [TGNhiemTong], [TGNhiemMoi], [TGTuTong], [TGTuMoi], [TGKhoiTong], [MaNV]) VALUES (N'QG80', N'Ai Cập', 375330, NULL, 21361, NULL, 312291, 3)
INSERT TheGioi ([MaQG], [TenQG], [TGNhiemTong], [TGNhiemMoi], [TGTuTong], [TGTuMoi], [TGKhoiTong], [MaNV]) VALUES (N'QG81', N'Moldova', 372200, NULL, 9493, NULL, 357657, 5)
INSERT TheGioi ([MaQG], [TenQG], [TGNhiemTong], [TGNhiemMoi], [TGTuTong], [TGTuMoi], [TGKhoiTong], [MaNV]) VALUES (N'QG82', N'Na Uy', 350424, NULL, 1204, NULL, 88952, 3)
INSERT TheGioi ([MaQG], [TenQG], [TGNhiemTong], [TGNhiemMoi], [TGTuTong], [TGTuMoi], [TGKhoiTong], [MaNV]) VALUES (N'QG83', N'Armenia', 343708, 72, 7903, 4, 328799, 5)
INSERT TheGioi ([MaQG], [TenQG], [TGNhiemTong], [TGNhiemMoi], [TGTuTong], [TGTuMoi], [TGKhoiTong], [MaNV]) VALUES (N'QG84', N'Oman', 304874, 31, 4113, NULL, 300203, 3)
INSERT TheGioi ([MaQG], [TenQG], [TGNhiemTong], [TGNhiemMoi], [TGTuTong], [TGTuMoi], [TGKhoiTong], [MaNV]) VALUES (N'QG85', N'Bosnia & Herzegovina', 284272, NULL, 13121, NULL, 192218, 1)
INSERT TheGioi ([MaQG], [TenQG], [TGNhiemTong], [TGNhiemMoi], [TGTuTong], [TGTuMoi], [TGKhoiTong], [MaNV]) VALUES (N'QG86', N'Bahrain', 278499, NULL, 1394, NULL, 276571, 1)
INSERT TheGioi ([MaQG], [TenQG], [TGNhiemTong], [TGNhiemMoi], [TGTuTong], [TGTuMoi], [TGKhoiTong], [MaNV]) VALUES (N'QG87', N'Singapore', 275910, NULL, 813, NULL, 271357, 2)
INSERT TheGioi ([MaQG], [TenQG], [TGNhiemTong], [TGNhiemMoi], [TGTuTong], [TGTuMoi], [TGKhoiTong], [MaNV]) VALUES (N'QG88', N'Latvia', 267465, 326, 4454, 10, 253282, 5)
INSERT TheGioi ([MaQG], [TenQG], [TGNhiemTong], [TGNhiemMoi], [TGTuTong], [TGTuMoi], [TGKhoiTong], [MaNV]) VALUES (N'QG89', N'Kenya', 263707, NULL, 5353, NULL, 249296, 5)
INSERT TheGioi ([MaQG], [TenQG], [TGNhiemTong], [TGNhiemMoi], [TGTuTong], [TGTuMoi], [TGKhoiTong], [MaNV]) VALUES (N'QG90', N'Australia', 254633, 3905, 2146, NULL, 220833, 4)
INSERT TheGioi ([MaQG], [TenQG], [TGNhiemTong], [TGNhiemMoi], [TGTuTong], [TGTuMoi], [TGKhoiTong], [MaNV]) VALUES (N'QG91', N'Qatar', 246714, 177, 614, NULL, 243785, 1)
INSERT TheGioi ([MaQG], [TenQG], [TGNhiemTong], [TGNhiemMoi], [TGTuTong], [TGTuMoi], [TGKhoiTong], [MaNV]) VALUES (N'QG92', N'Estonia', 232506, 386, 1888, 4, 217356, 3)
INSERT TheGioi ([MaQG], [TenQG], [TGNhiemTong], [TGNhiemMoi], [TGTuTong], [TGTuMoi], [TGKhoiTong], [MaNV]) VALUES (N'QG93', N'Nigeria', 223887, NULL, 2985, NULL, 211537, 3)
INSERT TheGioi ([MaQG], [TenQG], [TGNhiemTong], [TGNhiemMoi], [TGTuTong], [TGTuMoi], [TGKhoiTong], [MaNV]) VALUES (N'QG94', N'Macedonia', 221285, NULL, 7815, NULL, 207948, 3)
INSERT TheGioi ([MaQG], [TenQG], [TGNhiemTong], [TGNhiemMoi], [TGTuTong], [TGTuMoi], [TGKhoiTong], [MaNV]) VALUES (N'QG95', N'Zambia', 216508, NULL, 3679, NULL, 207223, 1)
INSERT TheGioi ([MaQG], [TenQG], [TGNhiemTong], [TGNhiemMoi], [TGTuTong], [TGTuMoi], [TGKhoiTong], [MaNV]) VALUES (N'QG96', N'Algeria', 214592, NULL, 6184, NULL, 147640, 2)
INSERT TheGioi ([MaQG], [TenQG], [TGNhiemTong], [TGNhiemMoi], [TGTuTong], [TGTuMoi], [TGKhoiTong], [MaNV]) VALUES (N'QG97', N'Phần Lan', 219250, 5932, 1493, 39, 46000, 5)
INSERT TheGioi ([MaQG], [TenQG], [TGNhiemTong], [TGNhiemMoi], [TGTuTong], [TGTuMoi], [TGKhoiTong], [MaNV]) VALUES (N'QG98', N'Albania', 205777, NULL, 3166, NULL, 197376, 2)
INSERT TheGioi ([MaQG], [TenQG], [TGNhiemTong], [TGNhiemMoi], [TGTuTong], [TGTuMoi], [TGKhoiTong], [MaNV]) VALUES (N'QG99', N'Botswana', 199864, NULL, 2425, NULL, 192452, 1)

INSERT TheGioi ([MaQG], [TenQG], [TGNhiemTong], [TGNhiemMoi], [TGTuTong], [TGTuMoi], [TGKhoiTong], [MaNV]) VALUES (N'QG100', N'Uzbekistan', 197268, 194, 1461, 3, 194052, 3)
INSERT TheGioi ([MaQG], [TenQG], [TGNhiemTong], [TGNhiemMoi], [TGTuTong], [TGTuMoi], [TGKhoiTong], [MaNV]) VALUES (N'QG101', N'Zimbabwe', 192796, NULL, 4787, NULL, 138397, 2)
INSERT TheGioi ([MaQG], [TenQG], [TGNhiemTong], [TGNhiemMoi], [TGTuTong], [TGTuMoi], [TGKhoiTong], [MaNV]) VALUES (N'QG102', N'Kyrgyzstan', 184218, 23, 2784, 1, 179311, 2)
INSERT TheGioi ([MaQG], [TenQG], [TGNhiemTong], [TGNhiemMoi], [TGTuTong], [TGTuMoi], [TGKhoiTong], [MaNV]) VALUES (N'QG103', N'Montenegro', 160995, NULL, 2375, NULL, 156633, 5)
INSERT TheGioi ([MaQG], [TenQG], [TGNhiemTong], [TGNhiemMoi], [TGTuTong], [TGTuMoi], [TGKhoiTong], [MaNV]) VALUES (N'QG104', N'Mozambique', 159904, NULL, 1952, NULL, 150435, 4)
INSERT TheGioi ([MaQG], [TenQG], [TGNhiemTong], [TGNhiemMoi], [TGTuTong], [TGTuMoi], [TGKhoiTong], [MaNV]) VALUES (N'QG105', N'Afghanistan', 157795, 8, 7335, NULL, 145268, 5)
INSERT TheGioi ([MaQG], [TenQG], [TGNhiemTong], [TGNhiemMoi], [TGTuTong], [TGTuMoi], [TGKhoiTong], [MaNV]) VALUES (N'QG106', N'Cyprus', 145161, NULL, 620, NULL, 124370, 5)
INSERT TheGioi ([MaQG], [TenQG], [TGNhiemTong], [TGNhiemMoi], [TGTuTong], [TGTuMoi], [TGKhoiTong], [MaNV]) VALUES (N'QG107', N'Namibia', 138184, NULL, 3582, NULL, 127369, 2)
INSERT TheGioi ([MaQG], [TenQG], [TGNhiemTong], [TGNhiemMoi], [TGTuTong], [TGTuMoi], [TGKhoiTong], [MaNV]) VALUES (N'QG108', N'Ghana', 131911, NULL, 1255, NULL, 129683, 1)
INSERT TheGioi ([MaQG], [TenQG], [TGNhiemTong], [TGNhiemMoi], [TGTuTong], [TGTuMoi], [TGKhoiTong], [MaNV]) VALUES (N'QG109', N'Namibia', 138184, NULL, 3582, NULL, 127369, 3)
INSERT TheGioi ([MaQG], [TenQG], [TGNhiemTong], [TGNhiemMoi], [TGTuTong], [TGTuMoi], [TGKhoiTong], [MaNV]) VALUES (N'QG110', N'Uganda', 129061, NULL, 3273, NULL, 97971, 2)
INSERT TheGioi ([MaQG], [TenQG], [TGNhiemTong], [TGNhiemMoi], [TGTuTong], [TGTuMoi], [TGKhoiTong], [MaNV]) VALUES (N'QG111', N'El Salvador', 121530, NULL, 3807, NULL, 105567, 3)
INSERT TheGioi ([MaQG], [TenQG], [TGNhiemTong], [TGNhiemMoi], [TGTuTong], [TGTuMoi], [TGKhoiTong], [MaNV]) VALUES (N'QG112', N'Campuchia', 120423, 7, 3005, NULL, 116803, 3)
INSERT TheGioi ([MaQG], [TenQG], [TGNhiemTong], [TGNhiemMoi], [TGTuTong], [TGTuMoi], [TGKhoiTong], [MaNV]) VALUES (N'QG113', N'Cameroon', 107662, NULL, 1836, NULL, 105307, 1)
INSERT TheGioi ([MaQG], [TenQG], [TGNhiemTong], [TGNhiemMoi], [TGTuTong], [TGTuMoi], [TGKhoiTong], [MaNV]) VALUES (N'QG114', N'Rwanda', 101582, NULL, 1344, NULL, 45522, 1)
INSERT TheGioi ([MaQG], [TenQG], [TGNhiemTong], [TGNhiemMoi], [TGTuTong], [TGTuMoi], [TGKhoiTong], [MaNV]) VALUES (N'QG115', N'Trung Quốc', 100386, 102, 4636, NULL, 94014, 5)
INSERT TheGioi ([MaQG], [TenQG], [TGNhiemTong], [TGNhiemMoi], [TGTuTong], [TGTuMoi], [TGKhoiTong], [MaNV]) VALUES (N'QG116', N'Lào', 99396, 824, 274, 1, 7339, 4)
INSERT TheGioi ([MaQG], [TenQG], [TGNhiemTong], [TGNhiemMoi], [TGTuTong], [TGTuMoi], [TGKhoiTong], [MaNV]) VALUES (N'QG117', N'Luxembourg', 96108, NULL, 898, NULL, 89457, 3)
INSERT TheGioi ([MaQG], [TenQG], [TGNhiemTong], [TGNhiemMoi], [TGTuTong], [TGTuMoi], [TGKhoiTong], [MaNV]) VALUES (N'QG118', N'Maldives', 93957, NULL, 259, NULL, 91713, 2)
INSERT TheGioi ([MaQG], [TenQG], [TGNhiemTong], [TGNhiemMoi], [TGTuTong], [TGTuMoi], [TGKhoiTong], [MaNV]) VALUES (N'QG119', N'Jamaica', 92052, NULL, 2446, NULL, 63861, 5)
INSERT TheGioi ([MaQG], [TenQG], [TGNhiemTong], [TGNhiemMoi], [TGTuTong], [TGTuMoi], [TGKhoiTong], [MaNV]) VALUES (N'QG120', N'Trinidad & Tobago', 85422, NULL, 2580, NULL, 72221, 3)
INSERT TheGioi ([MaQG], [TenQG], [TGNhiemTong], [TGNhiemMoi], [TGTuTong], [TGTuMoi], [TGKhoiTong], [MaNV]) VALUES (N'QG121', N'Senegal', 74183, 22, 1886, NULL, 72221, 3)
INSERT TheGioi ([MaQG], [TenQG], [TGNhiemTong], [TGNhiemMoi], [TGTuTong], [TGTuMoi], [TGKhoiTong], [MaNV]) VALUES (N'QG122', N'Reunion', 67237, NULL, 393, NULL, 62026, 4)
INSERT TheGioi ([MaQG], [TenQG], [TGNhiemTong], [TGNhiemMoi], [TGTuTong], [TGTuMoi], [TGKhoiTong], [MaNV]) VALUES (N'QG123', N'Angola', 65938, NULL, 1738, NULL, 63770, 4)
INSERT TheGioi ([MaQG], [TenQG], [TGNhiemTong], [TGNhiemMoi], [TGTuTong], [TGTuMoi], [TGKhoiTong], [MaNV]) VALUES (N'QG124', N'Malawi', 64741, NULL, 2311, NULL, 59156, 2)
INSERT TheGioi ([MaQG], [TenQG], [TGNhiemTong], [TGNhiemMoi], [TGTuTong], [TGTuMoi], [TGKhoiTong], [MaNV]) VALUES (N'QG125', N'DRC', 64448, NULL, 1126, NULL, 50930, 5)
INSERT TheGioi ([MaQG], [TenQG], [TGNhiemTong], [TGNhiemMoi], [TGTuTong], [TGTuMoi], [TGKhoiTong], [MaNV]) VALUES (N'QG126', N'Ivory Coast', 62077, NULL, 706, NULL, 61088, 1)
INSERT TheGioi ([MaQG], [TenQG], [TGNhiemTong], [TGNhiemMoi], [TGTuTong], [TGTuMoi], [TGKhoiTong], [MaNV]) VALUES (N'QG127', N'Eswatini', 60036, NULL, 1261, NULL, 48868, 1)
INSERT TheGioi ([MaQG], [TenQG], [TGNhiemTong], [TGNhiemMoi], [TGTuTong], [TGTuMoi], [TGKhoiTong], [MaNV]) VALUES (N'QG128', N'Guadeloupe', 55441, NULL, 749, NULL, 2250, 1)
INSERT TheGioi ([MaQG], [TenQG], [TGNhiemTong], [TGNhiemMoi], [TGTuTong], [TGTuMoi], [TGKhoiTong], [MaNV]) VALUES (N'QG129', N'Fiji', 52623, NULL, 697, NULL, 51196, 2)
INSERT TheGioi ([MaQG], [TenQG], [TGNhiemTong], [TGNhiemMoi], [TGTuTong], [TGTuMoi], [TGKhoiTong], [MaNV]) VALUES (N'QG130', N'Suriname', 51416, 10, 1185, 2, 48875, 3)
INSERT TheGioi ([MaQG], [TenQG], [TGNhiemTong], [TGNhiemMoi], [TGTuTong], [TGTuMoi], [TGKhoiTong], [MaNV]) VALUES (N'QG131', N'Syria', 49751, NULL, 2846, NULL, 31166, 3)
INSERT TheGioi ([MaQG], [TenQG], [TGNhiemTong], [TGNhiemMoi], [TGTuTong], [TGTuMoi], [TGKhoiTong], [MaNV]) VALUES (N'QG132', N'Madagascar', 47295, NULL, 996, NULL, 43961, 2)
INSERT TheGioi ([MaQG], [TenQG], [TGNhiemTong], [TGNhiemMoi], [TGTuTong], [TGTuMoi], [TGKhoiTong], [MaNV]) VALUES (N'QG133', N'Guiana', 46732, NULL, 336, NULL, 11254, 1)
INSERT TheGioi ([MaQG], [TenQG], [TGNhiemTong], [TGNhiemMoi], [TGTuTong], [TGTuMoi], [TGKhoiTong], [MaNV]) VALUES (N'QG134', N'Martinique', 46700, NULL, 749, NULL, 104, 1)
INSERT TheGioi ([MaQG], [TenQG], [TGNhiemTong], [TGNhiemMoi], [TGTuTong], [TGTuMoi], [TGKhoiTong], [MaNV]) VALUES (N'QG135', N'French Polynesia', 46342, NULL, 636, NULL, 0, 5)
INSERT TheGioi ([MaQG], [TenQG], [TGNhiemTong], [TGNhiemMoi], [TGTuTong], [TGTuMoi], [TGKhoiTong], [MaNV]) VALUES (N'QG136', N'Sudan', 45112, NULL, 3252, NULL, 36009, 4)
INSERT TheGioi ([MaQG], [TenQG], [TGNhiemTong], [TGNhiemMoi], [TGTuTong], [TGTuMoi], [TGKhoiTong], [MaNV]) VALUES (N'QG137', N'Malta', 42105, 252, 471, NULL, 39032, 4)
INSERT TheGioi ([MaQG], [TenQG], [TGNhiemTong], [TGNhiemMoi], [TGTuTong], [TGTuMoi], [TGKhoiTong], [MaNV]) VALUES (N'QG138', N'Mauritania', 40083, NULL, 853, NULL, 38741, 3)
INSERT TheGioi ([MaQG], [TenQG], [TGNhiemTong], [TGNhiemMoi], [TGTuTong], [TGTuMoi], [TGKhoiTong], [MaNV]) VALUES (N'QG139', N'Guyana', 38870, NULL, 1030, NULL, 37042, 1)
INSERT TheGioi ([MaQG], [TenQG], [TGNhiemTong], [TGNhiemMoi], [TGTuTong], [TGTuMoi], [TGKhoiTong], [MaNV]) VALUES (N'QG140', N'Gabon', 37743, NULL, 285, NULL, 35488, 1)
INSERT TheGioi ([MaQG], [TenQG], [TGNhiemTong], [TGNhiemMoi], [TGTuTong], [TGTuMoi], [TGKhoiTong], [MaNV]) VALUES (N'QG141', N'Cabo Verde', 38589, NULL, 351, NULL, 38119, 3)
INSERT TheGioi ([MaQG], [TenQG], [TGNhiemTong], [TGNhiemMoi], [TGTuTong], [TGTuMoi], [TGKhoiTong], [MaNV]) VALUES (N'QG142', N'Gabon', 37743, NULL, 285, NULL, 35488, 5)
INSERT TheGioi ([MaQG], [TenQG], [TGNhiemTong], [TGNhiemMoi], [TGTuTong], [TGTuMoi], [TGKhoiTong], [MaNV]) VALUES (N'QG143', N'Papua New Guinea', 36004, NULL, 589, NULL, 35252, 1)
INSERT TheGioi ([MaQG], [TenQG], [TGNhiemTong], [TGNhiemMoi], [TGTuTong], [TGTuMoi], [TGKhoiTong], [MaNV]) VALUES (N'QG144', N'Belize', 31246, NULL, 589, NULL, 30110, 3)
INSERT TheGioi ([MaQG], [TenQG], [TGNhiemTong], [TGNhiemMoi], [TGTuTong], [TGTuMoi], [TGKhoiTong], [MaNV]) VALUES (N'QG145', N'Guinea', 30814, NULL, 388, NULL, 29776, 5)
INSERT TheGioi ([MaQG], [TenQG], [TGNhiemTong], [TGNhiemMoi], [TGTuTong], [TGTuMoi], [TGKhoiTong], [MaNV]) VALUES (N'QG146', N'Barbados', 27169, NULL, 256, NULL, 25474, 5)
INSERT TheGioi ([MaQG], [TenQG], [TGNhiemTong], [TGNhiemMoi], [TGTuTong], [TGTuMoi], [TGKhoiTong], [MaNV]) VALUES (N'QG147', N'Togo', 26678, NULL, 245, NULL, 25991, 3)
INSERT TheGioi ([MaQG], [TenQG], [TGNhiemTong], [TGNhiemMoi], [TGTuTong], [TGTuMoi], [TGKhoiTong], [MaNV]) VALUES (N'QG148', N'Tanzania', 26483, NULL, 734, NULL, 0, 3)
INSERT TheGioi ([MaQG], [TenQG], [TGNhiemTong], [TGNhiemMoi], [TGTuTong], [TGTuMoi], [TGKhoiTong], [MaNV]) VALUES (N'QG149', N'Haiti', 25920, NULL, 765, NULL, 22748, 2)
INSERT TheGioi ([MaQG], [TenQG], [TGNhiemTong], [TGNhiemMoi], [TGTuTong], [TGTuMoi], [TGKhoiTong], [MaNV]) VALUES (N'QG150', N'Lesotho', 25528, NULL, 665, NULL, 14107, 1)
INSERT TheGioi ([MaQG], [TenQG], [TGNhiemTong], [TGNhiemMoi], [TGTuTong], [TGTuMoi], [TGKhoiTong], [MaNV]) VALUES (N'QG151', N'Benin', 24907, NULL, 161, NULL, 24705, 3)
INSERT TheGioi ([MaQG], [TenQG], [TGNhiemTong], [TGNhiemMoi], [TGTuTong], [TGTuMoi], [TGKhoiTong], [MaNV]) VALUES (N'QG152', N'Seychelles', 24047, NULL, 131, NULL, 23574, 2)
INSERT TheGioi ([MaQG], [TenQG], [TGNhiemTong], [TGNhiemMoi], [TGTuTong], [TGTuMoi], [TGKhoiTong], [MaNV]) VALUES (N'QG153', N'Somalia', 23169, NULL, 1333, NULL, 12903, 5)
INSERT TheGioi ([MaQG], [TenQG], [TGNhiemTong], [TGNhiemMoi], [TGTuTong], [TGTuMoi], [TGKhoiTong], [MaNV]) VALUES (N'QG154', N'Bahamas', 22995, NULL, 713, NULL, 21683, 2)
INSERT TheGioi ([MaQG], [TenQG], [TGNhiemTong], [TGNhiemMoi], [TGTuTong], [TGTuMoi], [TGKhoiTong], [MaNV]) VALUES (N'QG155', N'Mauritius', 22965, NULL, 680, NULL, 21423, 3)
INSERT TheGioi ([MaQG], [TenQG], [TGNhiemTong], [TGNhiemMoi], [TGTuTong], [TGTuMoi], [TGKhoiTong], [MaNV]) VALUES (N'QG156', N'Channel Islands', 21667, NULL, 110, NULL, 19632, 1)
INSERT TheGioi ([MaQG], [TenQG], [TGNhiemTong], [TGNhiemMoi], [TGTuTong], [TGTuMoi], [TGKhoiTong], [MaNV]) VALUES (N'QG157', N'Burundi', 21422, NULL, 38, NULL, 773, 4)
INSERT TheGioi ([MaQG], [TenQG], [TGNhiemTong], [TGNhiemMoi], [TGTuTong], [TGTuMoi], [TGKhoiTong], [MaNV]) VALUES (N'QG158', N'Mayotte', 21180, NULL, 185, NULL, 2964, 1)
INSERT TheGioi ([MaQG], [TenQG], [TGNhiemTong], [TGNhiemMoi], [TGTuTong], [TGTuMoi], [TGKhoiTong], [MaNV]) VALUES (N'QG159', N'Andorra', 20549, NULL, 134, NULL, 18285, 3)
INSERT TheGioi ([MaQG], [TenQG], [TGNhiemTong], [TGNhiemMoi], [TGTuTong], [TGTuMoi], [TGKhoiTong], [MaNV]) VALUES (N'QG160', N'Iceland', 20232, NULL, 36, NULL, 18644, 2)
INSERT TheGioi ([MaQG], [TenQG], [TGNhiemTong], [TGNhiemMoi], [TGTuTong], [TGTuMoi], [TGKhoiTong], [MaNV]) VALUES (N'QG161', N'Timor0Leste', 19833, NULL, 122, NULL, 19704, 1)
INSERT TheGioi ([MaQG], [TenQG], [TGNhiemTong], [TGNhiemMoi], [TGTuTong], [TGTuMoi], [TGKhoiTong], [MaNV]) VALUES (N'QG162', N'Mali', 19306, NULL, 639, NULL, 16039, 1)
INSERT TheGioi ([MaQG], [TenQG], [TGNhiemTong], [TGNhiemMoi], [TGTuTong], [TGTuMoi], [TGKhoiTong], [MaNV]) VALUES (N'QG163', N'Congo', 19179, NULL, 365, NULL, 12421, 1)
INSERT TheGioi ([MaQG], [TenQG], [TGNhiemTong], [TGNhiemMoi], [TGTuTong], [TGTuMoi], [TGKhoiTong], [MaNV]) VALUES (N'QG164', N'Curacao', 17770, NULL, 184, NULL, 17370, 4)
INSERT TheGioi ([MaQG], [TenQG], [TGNhiemTong], [TGNhiemMoi], [TGTuTong], [TGTuMoi], [TGKhoiTong], [MaNV]) VALUES (N'QG165', N'Nicaragua', 17391, NULL, 210, NULL, 4225, 4)
INSERT TheGioi ([MaQG], [TenQG], [TGNhiemTong], [TGNhiemMoi], [TGTuTong], [TGTuMoi], [TGKhoiTong], [MaNV]) VALUES (N'QG166', N'Tajikistan', 17095, NULL, 124, NULL, 16966, 1)
INSERT TheGioi ([MaQG], [TenQG], [TGNhiemTong], [TGNhiemMoi], [TGTuTong], [TGTuMoi], [TGKhoiTong], [MaNV]) VALUES (N'QG167', N'Aruba', 16807, NULL, 180, NULL, 16363, 5)
INSERT TheGioi ([MaQG], [TenQG], [TGNhiemTong], [TGNhiemMoi], [TGTuTong], [TGTuMoi], [TGKhoiTong], [MaNV]) VALUES (N'QG168', N'Đài Loan', 16816, 11, 850, NULL, 15751, 5)
INSERT TheGioi ([MaQG], [TenQG], [TGNhiemTong], [TGNhiemMoi], [TGTuTong], [TGTuMoi], [TGKhoiTong], [MaNV]) VALUES (N'QG169', N'Burkina Faso', 16672, NULL, 296, NULL, 15926, 1)
INSERT TheGioi ([MaQG], [TenQG], [TGNhiemTong], [TGNhiemMoi], [TGTuTong], [TGTuMoi], [TGKhoiTong], [MaNV]) VALUES (N'QG170', N'Brunei', 15412, 10, 98, NULL, 15113, 5)
INSERT TheGioi ([MaQG], [TenQG], [TGNhiemTong], [TGNhiemMoi], [TGTuTong], [TGTuMoi], [TGKhoiTong], [MaNV]) VALUES (N'QG171', N'Burkina Faso', 16672, NULL, 296, NULL, 15926, 2)
INSERT TheGioi ([MaQG], [TenQG], [TGNhiemTong], [TGNhiemMoi], [TGTuTong], [TGTuMoi], [TGKhoiTong], [MaNV]) VALUES (N'QG172', N'Brunei', 15412, 10, 98, NULL, 15113, 1)
INSERT TheGioi ([MaQG], [TenQG], [TGNhiemTong], [TGNhiemMoi], [TGTuTong], [TGTuMoi], [TGKhoiTong], [MaNV]) VALUES (N'QG173', N'Guinea Xích Đạo', 13618, NULL, 175, NULL, 13407, 2)
INSERT TheGioi ([MaQG], [TenQG], [TGNhiemTong], [TGNhiemMoi], [TGTuTong], [TGTuMoi], [TGKhoiTong], [MaNV]) VALUES (N'QG174', N'Djibouti', 13535, NULL, 189, NULL, 13304, 1)
INSERT TheGioi ([MaQG], [TenQG], [TGNhiemTong], [TGNhiemMoi], [TGTuTong], [TGTuMoi], [TGKhoiTong], [MaNV]) VALUES (N'QG175', N'New Zealand', 13495, 70, 49, NULL, 11642, 4)
INSERT TheGioi ([MaQG], [TenQG], [TGNhiemTong], [TGNhiemMoi], [TGTuTong], [TGTuMoi], [TGKhoiTong], [MaNV]) VALUES (N'QG176', N'Nam Sudan', 13309, NULL, 133, NULL, 12614, 1)
INSERT TheGioi ([MaQG], [TenQG], [TGNhiemTong], [TGNhiemMoi], [TGTuTong], [TGTuMoi], [TGKhoiTong], [MaNV]) VALUES (N'QG177', N'Saint Lucia', 13166, 17, 293, NULL, 12780, 1)
INSERT TheGioi ([MaQG], [TenQG], [TGNhiemTong], [TGNhiemMoi], [TGTuTong], [TGTuMoi], [TGKhoiTong], [MaNV]) VALUES (N'QG178', N'Isle of Man', 13097, NULL, 67, NULL, 12419, 4)
INSERT TheGioi ([MaQG], [TenQG], [TGNhiemTong], [TGNhiemMoi], [TGTuTong], [TGTuMoi], [TGKhoiTong], [MaNV]) VALUES (N'QG179', N'Hong Kong', 12534, 7, 213, NULL, 12184, 4)
INSERT TheGioi ([MaQG], [TenQG], [TGNhiemTong], [TGNhiemMoi], [TGTuTong], [TGTuMoi], [TGKhoiTong], [MaNV]) VALUES (N'QG180', N'New Caledonia', 12519, 17, 280, NULL, 12074, 2)
INSERT TheGioi ([MaQG], [TenQG], [TGNhiemTong], [TGNhiemMoi], [TGTuTong], [TGTuMoi], [TGKhoiTong], [MaNV]) VALUES (N'QG181', N'CAR', 11961, NULL, 101, NULL, 6859, 2)
INSERT TheGioi ([MaQG], [TenQG], [TGNhiemTong], [TGNhiemMoi], [TGTuTong], [TGTuMoi], [TGKhoiTong], [MaNV]) VALUES (N'QG182', N'Yemen', 10101, NULL, 1976, NULL, 6973, 1)
INSERT TheGioi ([MaQG], [TenQG], [TGNhiemTong], [TGNhiemMoi], [TGTuTong], [TGTuMoi], [TGKhoiTong], [MaNV]) VALUES (N'QG183', N'Gambia', 10051, NULL, 342, NULL, 9647, 5)
INSERT TheGioi ([MaQG], [TenQG], [TGNhiemTong], [TGNhiemMoi], [TGTuTong], [TGTuMoi], [TGKhoiTong], [MaNV]) VALUES (N'QG184', N'Quần đảo Cayman', 8097, NULL, 9, NULL, 4660, 3)
INSERT TheGioi ([MaQG], [TenQG], [TGNhiemTong], [TGNhiemMoi], [TGTuTong], [TGTuMoi], [TGKhoiTong], [MaNV]) VALUES (N'QG185', N'Gibraltar', 7843, 18, 100, NULL, 7363, 2)
INSERT TheGioi ([MaQG], [TenQG], [TGNhiemTong], [TGNhiemMoi], [TGTuTong], [TGTuMoi], [TGKhoiTong], [MaNV]) VALUES (N'QG186', N'Eritrea', 7763, NULL, 70, NULL, 7554, 5)
INSERT TheGioi ([MaQG], [TenQG], [TGNhiemTong], [TGNhiemMoi], [TGTuTong], [TGTuMoi], [TGKhoiTong], [MaNV]) VALUES (N'QG187', N'Niger', 7199, NULL, 272, NULL, 6879, 5)
INSERT TheGioi ([MaQG], [TenQG], [TGNhiemTong], [TGNhiemMoi], [TGTuTong], [TGTuMoi], [TGKhoiTong], [MaNV]) VALUES (N'QG188', N'San Marino', 7007, NULL, 95, NULL, 6159, 1)
INSERT TheGioi ([MaQG], [TenQG], [TGNhiemTong], [TGNhiemMoi], [TGTuTong], [TGTuMoi], [TGKhoiTong], [MaNV]) VALUES (N'QG189', N'Sierra Leone', 6505, NULL, 121, NULL, 0, 1)
INSERT TheGioi ([MaQG], [TenQG], [TGNhiemTong], [TGNhiemMoi], [TGTuTong], [TGTuMoi], [TGKhoiTong], [MaNV]) VALUES (N'QG190', N'Guinea0Bissau', 6456, NULL, 149, NULL, 6289, 3)
INSERT TheGioi ([MaQG], [TenQG], [TGNhiemTong], [TGNhiemMoi], [TGTuTong], [TGTuMoi], [TGKhoiTong], [MaNV]) VALUES (N'QG191', N'Dominica', 6286, NULL, 42, NULL, 5874, 4)
INSERT TheGioi ([MaQG], [TenQG], [TGNhiemTong], [TGNhiemMoi], [TGTuTong], [TGTuMoi], [TGKhoiTong], [MaNV]) VALUES (N'QG192', N'Grenada', 5919, NULL, 200, NULL, 5677, 5)
INSERT TheGioi ([MaQG], [TenQG], [TGNhiemTong], [TGNhiemMoi], [TGTuTong], [TGTuMoi], [TGKhoiTong], [MaNV]) VALUES (N'QG193', N'Liberia', 5844, NULL, 287, NULL, 5535, 1)
INSERT TheGioi ([MaQG], [TenQG], [TGNhiemTong], [TGNhiemMoi], [TGTuTong], [TGTuMoi], [TGKhoiTong], [MaNV]) VALUES (N'QG194', N'Bermuda', 5815, NULL, 106, NULL, 5647, 1)
INSERT TheGioi ([MaQG], [TenQG], [TGNhiemTong], [TGNhiemMoi], [TGTuTong], [TGTuMoi], [TGKhoiTong], [MaNV]) VALUES (N'QG195', N'St. Vincent Grenadines', 5758, NULL, 77, NULL, 5111, 2)
INSERT TheGioi ([MaQG], [TenQG], [TGNhiemTong], [TGNhiemMoi], [TGTuTong], [TGTuMoi], [TGKhoiTong], [MaNV]) VALUES (N'QG196', N'Chad', 5701, NULL, 181, NULL, 4874, 4)
INSERT TheGioi ([MaQG], [TenQG], [TGNhiemTong], [TGNhiemMoi], [TGTuTong], [TGTuMoi], [TGKhoiTong], [MaNV]) VALUES (N'QG197', N'Liechtenstein', 5672, 11, 68, NULL, 5274, 5)
INSERT TheGioi ([MaQG], [TenQG], [TGNhiemTong], [TGNhiemMoi], [TGTuTong], [TGTuMoi], [TGKhoiTong], [MaNV]) VALUES (N'QG198', N'Faeroe Islands', 4735, NULL, 13, NULL, 4359, 3)
INSERT TheGioi ([MaQG], [TenQG], [TGNhiemTong], [TGNhiemMoi], [TGTuTong], [TGTuMoi], [TGKhoiTong], [MaNV]) VALUES (N'QG199', N'Sint Maarten', 4684, NULL, 75, NULL, 4557, 4)

INSERT TheGioi ([MaQG], [TenQG], [TGNhiemTong], [TGNhiemMoi], [TGTuTong], [TGTuMoi], [TGKhoiTong], [MaNV]) VALUES (N'QG200', N'Comoros', 4677, 10, 152, 1, 4408, 1)
INSERT TheGioi ([MaQG], [TenQG], [TGNhiemTong], [TGNhiemMoi], [TGTuTong], [TGTuMoi], [TGKhoiTong], [MaNV]) VALUES (N'QG201', N'Monaco', 4406, NULL, 37, NULL, 4073, 2)
INSERT TheGioi ([MaQG], [TenQG], [TGNhiemTong], [TGNhiemMoi], [TGTuTong], [TGTuMoi], [TGKhoiTong], [MaNV]) VALUES (N'QG202', N'Antigua and Barbuda', 4198, NULL, 117, NULL, 4039, 2)
INSERT TheGioi ([MaQG], [TenQG], [TGNhiemTong], [TGNhiemMoi], [TGTuTong], [TGTuMoi], [TGKhoiTong], [MaNV]) VALUES (N'QG203', N'Saint Martin', 4008, NULL, 56, NULL, 1399, 5)
INSERT TheGioi ([MaQG], [TenQG], [TGNhiemTong], [TGNhiemMoi], [TGTuTong], [TGTuMoi], [TGKhoiTong], [MaNV]) VALUES (N'QG204', N'Sao Tome and Principe', 3735, NULL, 57, NULL, 3676, 4)
INSERT TheGioi ([MaQG], [TenQG], [TGNhiemTong], [TGNhiemMoi], [TGTuTong], [TGTuMoi], [TGKhoiTong], [MaNV]) VALUES (N'QG205', N'Caribbean Netherlands', 3204, NULL, 22, NULL, 3069, 1)
INSERT TheGioi ([MaQG], [TenQG], [TGNhiemTong], [TGNhiemMoi], [TGTuTong], [TGTuMoi], [TGKhoiTong], [MaNV]) VALUES (N'QG206', N'Turks and Caicos', 3172, 9, 25, NULL, 3085, 4)
INSERT TheGioi ([MaQG], [TenQG], [TGNhiemTong], [TGNhiemMoi], [TGTuTong], [TGTuMoi], [TGKhoiTong], [MaNV]) VALUES (N'QG207', N'Quần đảo Virgin thuộc Anh', 2886, NULL, 39, NULL, 0, 3)
INSERT TheGioi ([MaQG], [TenQG], [TGNhiemTong], [TGNhiemMoi], [TGTuTong], [TGTuMoi], [TGKhoiTong], [MaNV]) VALUES (N'QG208', N'Saint Kitts and Nevis', 2801, NULL, 28, NULL, 2765, 4)
INSERT TheGioi ([MaQG], [TenQG], [TGNhiemTong], [TGNhiemMoi], [TGTuTong], [TGTuMoi], [TGKhoiTong], [MaNV]) VALUES (N'QG209', N'Bhutan', 2657, NULL, 3, NULL, 2641, 3)
INSERT TheGioi ([MaQG], [TenQG], [TGNhiemTong], [TGNhiemMoi], [TGTuTong], [TGTuMoi], [TGKhoiTong], [MaNV]) VALUES (N'QG210', N'Greenland', 1969, NULL, NULL, NULL, 1736, 4)
INSERT TheGioi ([MaQG], [TenQG], [TGNhiemTong], [TGNhiemMoi], [TGTuTong], [TGTuMoi], [TGKhoiTong], [MaNV]) VALUES (N'QG211', N'St. Barth', 1621, NULL, 6, NULL, 0, 1)
INSERT TheGioi ([MaQG], [TenQG], [TGNhiemTong], [TGNhiemMoi], [TGTuTong], [TGTuMoi], [TGKhoiTong], [MaNV]) VALUES (N'QG212', N'Anguilla', 1592, NULL, 4, NULL, 1521, 2)
INSERT TheGioi ([MaQG], [TenQG], [TGNhiemTong], [TGNhiemMoi], [TGTuTong], [TGTuMoi], [TGKhoiTong], [MaNV]) VALUES (N'QG213', N'Diamond Princess', 712, NULL, 13, NULL, 699, 2)
INSERT TheGioi ([MaQG], [TenQG], [TGNhiemTong], [TGNhiemMoi], [TGTuTong], [TGTuMoi], [TGKhoiTong], [MaNV]) VALUES (N'QG214', N'Wallis and Futuna', 454, NULL, 7, NULL, 438, 1)
INSERT TheGioi ([MaQG], [TenQG], [TGNhiemTong], [TGNhiemMoi], [TGTuTong], [TGTuMoi], [TGKhoiTong], [MaNV]) VALUES (N'QG215', N'Saint Pierre Miquelon', 96, NULL, NULL, NULL, 74, 3)
INSERT TheGioi ([MaQG], [TenQG], [TGNhiemTong], [TGNhiemMoi], [TGTuTong], [TGTuMoi], [TGKhoiTong], [MaNV]) VALUES (N'QG216', N'Falkland', 83, NULL, NULL, NULL, 0, 3)
INSERT TheGioi ([MaQG], [TenQG], [TGNhiemTong], [TGNhiemMoi], [TGTuTong], [TGTuMoi], [TGKhoiTong], [MaNV]) VALUES (N'QG217', N'Macau', 77, NULL, NULL, NULL, 77, 1)
INSERT TheGioi ([MaQG], [TenQG], [TGNhiemTong], [TGNhiemMoi], [TGTuTong], [TGTuMoi], [TGKhoiTong], [MaNV]) VALUES (N'QG218', N'Montserrat', 44, NULL, 1, NULL, 43, 1)
INSERT TheGioi ([MaQG], [TenQG], [TGNhiemTong], [TGNhiemMoi], [TGTuTong], [TGTuMoi], [TGKhoiTong], [MaNV]) VALUES (N'QG219', N'Vatican City', 27, NULL, NULL, NULL, 27, 4)
INSERT TheGioi ([MaQG], [TenQG], [TGNhiemTong], [TGNhiemMoi], [TGTuTong], [TGTuMoi], [TGKhoiTong], [MaNV]) VALUES (N'QG220', N'Solomon', 20, NULL, NULL, NULL, 20, 4)
INSERT TheGioi ([MaQG], [TenQG], [TGNhiemTong], [TGNhiemMoi], [TGTuTong], [TGTuMoi], [TGKhoiTong], [MaNV]) VALUES (N'QG221', N'Western Sahara', 10, NULL, 1, NULL, 8, 1)
INSERT TheGioi ([MaQG], [TenQG], [TGNhiemTong], [TGNhiemMoi], [TGTuTong], [TGTuMoi], [TGKhoiTong], [MaNV]) VALUES (N'QG222', N'MS Zaandam', 9, NULL, 2, NULL, 7, 3)
INSERT TheGioi ([MaQG], [TenQG], [TGNhiemTong], [TGNhiemMoi], [TGTuTong], [TGTuMoi], [TGKhoiTong], [MaNV]) VALUES (N'QG223', N'Palau', 8, NULL, NULL, NULL, 8, 4)
INSERT TheGioi ([MaQG], [TenQG], [TGNhiemTong], [TGNhiemMoi], [TGTuTong], [TGTuMoi], [TGKhoiTong], [MaNV]) VALUES (N'QG224', N'Vanuatu', 6, NULL, 1, NULL, 5, 4)
INSERT TheGioi ([MaQG], [TenQG], [TGNhiemTong], [TGNhiemMoi], [TGTuTong], [TGTuMoi], [TGKhoiTong], [MaNV]) VALUES (N'QG225', N'Marshall Islands', 4, NULL, NULL, NULL, 4, 4)
INSERT TheGioi ([MaQG], [TenQG], [TGNhiemTong], [TGNhiemMoi], [TGTuTong], [TGTuMoi], [TGKhoiTong], [MaNV]) VALUES (N'QG226', N'Samoa', 3, NULL, NULL, NULL, 3, 2)
INSERT TheGioi ([MaQG], [TenQG], [TGNhiemTong], [TGNhiemMoi], [TGTuTong], [TGTuMoi], [TGKhoiTong], [MaNV]) VALUES (N'QG227', N'Saint Helena', 2, NULL, NULL, NULL, 2, 3)
INSERT TheGioi ([MaQG], [TenQG], [TGNhiemTong], [TGNhiemMoi], [TGTuTong], [TGTuMoi], [TGKhoiTong], [MaNV]) VALUES (N'QG228', N'Micronesia', 1, NULL, NULL, NULL, 1, 2)
INSERT TheGioi ([MaQG], [TenQG], [TGNhiemTong], [TGNhiemMoi], [TGTuTong], [TGTuMoi], [TGKhoiTong], [MaNV]) VALUES (N'QG229', N'Tonga', 1, NULL, NULL, NULL, 1, 5)

INSERT VietNam ([MaTP], [TenTP], [NhiemTong], [NhiemMoi], [TuTong], [TuMoi], [TiemMot], [TiemDu], [MaNV]) VALUES (N'00', N'TỔNG', 1549032, 14966, 29747, 225, 74949405, 62463695, 4)
INSERT VietNam ([MaTP], [TenTP], [NhiemTong], [NhiemMoi], [TuTong], [TuMoi], [TiemMot], [TiemDu], [MaNV]) VALUES (N'01', N'Hà Nội', 25879, 1612, 79, 0, 6857570, 5903465, 3)
INSERT VietNam ([MaTP], [TenTP], [NhiemTong], [NhiemMoi], [TuTong], [TuMoi], [TiemMot], [TiemDu], [MaNV]) VALUES (N'02', N'TP HCM', 495370, 687, 19293, 56, 8048485, 6882709, 4)
INSERT VietNam ([MaTP], [TenTP], [NhiemTong], [NhiemMoi], [TuTong], [TuMoi], [TiemMot], [TiemDu], [MaNV]) VALUES (N'03', N'Hải Phòng', 3990, 95, 6, 0, 1891385, 1746528, 2)
INSERT VietNam ([MaTP], [TenTP], [NhiemTong], [NhiemMoi], [TuTong], [TuMoi], [TiemMot], [TiemDu], [MaNV]) VALUES (N'04', N'Đà Nẵng', 9447, 142, 76, 1, 957249, 926263, 5)
INSERT VietNam ([MaTP], [TenTP], [NhiemTong], [NhiemMoi], [TuTong], [TuMoi], [TiemMot], [TiemDu], [MaNV]) VALUES (N'05', N'Hà Giang', 6016, 85, 6, 0, 543409, 389551, 3)
INSERT VietNam ([MaTP], [TenTP], [NhiemTong], [NhiemMoi], [TuTong], [TuMoi], [TiemMot], [TiemDu], [MaNV]) VALUES (N'06', N'Cao Bằng', 264, 3, 1, 0, 346364, 291639, 3)
INSERT VietNam ([MaTP], [TenTP], [NhiemTong], [NhiemMoi], [TuTong], [TuMoi], [TiemMot], [TiemDu], [MaNV]) VALUES (N'07', N'Lai Châu', 48, 1, 0, 0, 299833, 254288, 4)
INSERT VietNam ([MaTP], [TenTP], [NhiemTong], [NhiemMoi], [TuTong], [TuMoi], [TiemMot], [TiemDu], [MaNV]) VALUES (N'08', N'Lào Cai', 340, 3, 0, 0, 517379, 427378, 3)
INSERT VietNam ([MaTP], [TenTP], [NhiemTong], [NhiemMoi], [TuTong], [TuMoi], [TiemMot], [TiemDu], [MaNV]) VALUES (N'09', N'Tuyên Quang', 844, 9, 0, 0, 541184, 427676, 5)
INSERT VietNam ([MaTP], [TenTP], [NhiemTong], [NhiemMoi], [TuTong], [TuMoi], [TiemMot], [TiemDu], [MaNV]) VALUES (N'10', N'Lạng Sơn', 1163, 52, 4, 0, 548121, 524826, 4)
INSERT VietNam ([MaTP], [TenTP], [NhiemTong], [NhiemMoi], [TuTong], [TuMoi], [TiemMot], [TiemDu], [MaNV]) VALUES (N'11', N'Bắc Kạn', 37, 0, 0, 0, 219199, 147171, 5)
INSERT VietNam ([MaTP], [TenTP], [NhiemTong], [NhiemMoi], [TuTong], [TuMoi], [TiemMot], [TiemDu], [MaNV]) VALUES (N'12', N'Thái Nguyên', 1296, 10, 0, 0, 898666, 574330, 1)
INSERT VietNam ([MaTP], [TenTP], [NhiemTong], [NhiemMoi], [TuTong], [TuMoi], [TiemMot], [TiemDu], [MaNV]) VALUES (N'13', N'Yên Bái', 390, 10, 0, 0, 572141, 481312, 2)
INSERT VietNam ([MaTP], [TenTP], [NhiemTong], [NhiemMoi], [TuTong], [TuMoi], [TiemMot], [TiemDu], [MaNV]) VALUES (N'14', N'Sơn La', 664, 34, 1, 0, 790954, 395197, 4)
INSERT VietNam ([MaTP], [TenTP], [NhiemTong], [NhiemMoi], [TuTong], [TuMoi], [TiemMot], [TiemDu], [MaNV]) VALUES (N'15', N'Phú Thọ', 2494, 16, 3, 0, 1086117, 786554, 4)
INSERT VietNam ([MaTP], [TenTP], [NhiemTong], [NhiemMoi], [TuTong], [TuMoi], [TiemMot], [TiemDu], [MaNV]) VALUES (N'16', N'Vĩnh Phúc', 2089, 44, 7, 0, 840560, 693459, 1)
INSERT VietNam ([MaTP], [TenTP], [NhiemTong], [NhiemMoi], [TuTong], [TuMoi], [TiemMot], [TiemDu], [MaNV]) VALUES (N'17', N'Quảng Ninh', 1764, 136, 1, 0, 1091269, 1027124, 5)
INSERT VietNam ([MaTP], [TenTP], [NhiemTong], [NhiemMoi], [TuTong], [TuMoi], [TiemMot], [TiemDu], [MaNV]) VALUES (N'18', N'Bắc Giang', 7352, 21, 15, 0, 1404533, 1082356, 4)
INSERT VietNam ([MaTP], [TenTP], [NhiemTong], [NhiemMoi], [TuTong], [TuMoi], [TiemMot], [TiemDu], [MaNV]) VALUES (N'19', N'Bắc Ninh', 8401, 212, 13, 0, 1220040, 1069594, 5)
INSERT VietNam ([MaTP], [TenTP], [NhiemTong], [NhiemMoi], [TuTong], [TuMoi], [TiemMot], [TiemDu], [MaNV]) VALUES (N'21', N'Hải Dương', 1791, 31, 3, 0, 1250198, 908799, 2)
INSERT VietNam ([MaTP], [TenTP], [NhiemTong], [NhiemMoi], [TuTong], [TuMoi], [TiemMot], [TiemDu], [MaNV]) VALUES (N'22', N'Hưng Yên', 2445, 276, 3, 0, NULL, 733879, 2)
INSERT VietNam ([MaTP], [TenTP], [NhiemTong], [NhiemMoi], [TuTong], [TuMoi], [TiemMot], [TiemDu], [MaNV]) VALUES (N'23', N'Hòa Bình', 991, 59, 3, 0, 595338, 448893, 1)
INSERT VietNam ([MaTP], [TenTP], [NhiemTong], [NhiemMoi], [TuTong], [TuMoi], [TiemMot], [TiemDu], [MaNV]) VALUES (N'24', N'Hà Nam', 1707, 21, 1, 0, 641462, 570740, 2)
INSERT VietNam ([MaTP], [TenTP], [NhiemTong], [NhiemMoi], [TuTong], [TuMoi], [TiemMot], [TiemDu], [MaNV]) VALUES (N'25', N'Nam Định', 2429, 45, 3, 0, 1171207, 684357, 3)
INSERT VietNam ([MaTP], [TenTP], [NhiemTong], [NhiemMoi], [TuTong], [TuMoi], [TiemMot], [TiemDu], [MaNV]) VALUES (N'26', N'Thái Bình', 2101, 46, 0, 0, 1272565, 945253, 4)
INSERT VietNam ([MaTP], [TenTP], [NhiemTong], [NhiemMoi], [TuTong], [TuMoi], [TiemMot], [TiemDu], [MaNV]) VALUES (N'27', N'Ninh Bình', 416, 39, 1, 0, 672173, 619143, 3)
INSERT VietNam ([MaTP], [TenTP], [NhiemTong], [NhiemMoi], [TuTong], [TuMoi], [TiemMot], [TiemDu], [MaNV]) VALUES (N'28', N'Thanh Hóa', 5294, 246, 11, 0, 2504334, 1870640, 4)
INSERT VietNam ([MaTP], [TenTP], [NhiemTong], [NhiemMoi], [TuTong], [TuMoi], [TiemMot], [TiemDu], [MaNV]) VALUES (N'29', N'Nghệ An', 6485, 116, 31, 1, 2166912, 1573128, 5)
INSERT VietNam ([MaTP], [TenTP], [NhiemTong], [NhiemMoi], [TuTong], [TuMoi], [TiemMot], [TiemDu], [MaNV]) VALUES (N'30', N'Hà Tĩnh', 1401, 16, 5, 0, 879835, 633253, 4)
INSERT VietNam ([MaTP], [TenTP], [NhiemTong], [NhiemMoi], [TuTong], [TuMoi], [TiemMot], [TiemDu], [MaNV]) VALUES (N'31', N'Quảng Bình', 3251, 29, 7, 0, 564748, 465884, 1)
INSERT VietNam ([MaTP], [TenTP], [NhiemTong], [NhiemMoi], [TuTong], [TuMoi], [TiemMot], [TiemDu], [MaNV]) VALUES (N'32', N'Quảng Trị', 1421, 24, 2, 0, 445561, 360846, 3)
INSERT VietNam ([MaTP], [TenTP], [NhiemTong], [NhiemMoi], [TuTong], [TuMoi], [TiemMot], [TiemDu], [MaNV]) VALUES (N'33', N'Thừa Thiên Huế', 9068, 228, 12, 0, 854950, 674936, 4)
INSERT VietNam ([MaTP], [TenTP], [NhiemTong], [NhiemMoi], [TuTong], [TuMoi], [TiemMot], [TiemDu], [MaNV]) VALUES (N'34', N'Quảng Nam', 4615, 129, 9, 1, 1100843, 864025, 1)
INSERT VietNam ([MaTP], [TenTP], [NhiemTong], [NhiemMoi], [TuTong], [TuMoi], [TiemMot], [TiemDu], [MaNV]) VALUES (N'35', N'Quảng Ngãi', 4190, 31, 17, 0, 849815, 722399, 3)
INSERT VietNam ([MaTP], [TenTP], [NhiemTong], [NhiemMoi], [TuTong], [TuMoi], [TiemMot], [TiemDu], [MaNV]) VALUES (N'36', N'Kon Tum', 587, 12, 0, 0, 363821, 256918, 4)
INSERT VietNam ([MaTP], [TenTP], [NhiemTong], [NhiemMoi], [TuTong], [TuMoi], [TiemMot], [TiemDu], [MaNV]) VALUES (N'37', N'Bình Định', 10263, 411, 35, 1, 1047401, 826690, 5)
INSERT VietNam ([MaTP], [TenTP], [NhiemTong], [NhiemMoi], [TuTong], [TuMoi], [TiemMot], [TiemDu], [MaNV]) VALUES (N'38', N'Gia Lai', 5579, 97, 14, 2, 986076, 595492, 2)
INSERT VietNam ([MaTP], [TenTP], [NhiemTong], [NhiemMoi], [TuTong], [TuMoi], [TiemMot], [TiemDu], [MaNV]) VALUES (N'39', N'Phú Yên', 5313, 237, 35, 0, 666763, 533110, 4)
INSERT VietNam ([MaTP], [TenTP], [NhiemTong], [NhiemMoi], [TuTong], [TuMoi], [TiemMot], [TiemDu], [MaNV]) VALUES (N'40', N'Đăk Lăk', 9815, 0, 46, 0, 1341681, 830457, 1)
INSERT VietNam ([MaTP], [TenTP], [NhiemTong], [NhiemMoi], [TuTong], [TuMoi], [TiemMot], [TiemDu], [MaNV]) VALUES (N'41', N'Khánh Hòa', 24310, 709, 139, 4, 1062266, 991584, 1)
INSERT VietNam ([MaTP], [TenTP], [NhiemTong], [NhiemMoi], [TuTong], [TuMoi], [TiemMot], [TiemDu], [MaNV]) VALUES (N'42', N'Lâm Đồng', 6222, 174, 17, 2, 1093939, 968513, 2)
INSERT VietNam ([MaTP], [TenTP], [NhiemTong], [NhiemMoi], [TuTong], [TuMoi], [TiemMot], [TiemDu], [MaNV]) VALUES (N'43', N'Bình Phước', 19945, 78, 41, 2, 852139, 704916, 5)
INSERT VietNam ([MaTP], [TenTP], [NhiemTong], [NhiemMoi], [TuTong], [TuMoi], [TiemMot], [TiemDu], [MaNV]) VALUES (N'44', N'Bình Dương', 289330, 155, 3054, 16, 2521814, 1951094, 1)
INSERT VietNam ([MaTP], [TenTP], [NhiemTong], [NhiemMoi], [TuTong], [TuMoi], [TiemMot], [TiemDu], [MaNV]) VALUES (N'45', N'Ninh Thuận', 4290, 50, 48, 0, 482827, 413353, 2)
INSERT VietNam ([MaTP], [TenTP], [NhiemTong], [NhiemMoi], [TuTong], [TuMoi], [TiemMot], [TiemDu], [MaNV]) VALUES (N'46', N'Tây Ninh', 64961, 947, 488, 0, 949717, 877968, 5)
INSERT VietNam ([MaTP], [TenTP], [NhiemTong], [NhiemMoi], [TuTong], [TuMoi], [TiemMot], [TiemDu], [MaNV]) VALUES (N'47', N'Bình Thuận', 23435, 222, 241, 7, 929062, 717649, 5)
INSERT VietNam ([MaTP], [TenTP], [NhiemTong], [NhiemMoi], [TuTong], [TuMoi], [TiemMot], [TiemDu], [MaNV]) VALUES (N'48', N'Đồng Nai', 95212, 284, 1167, 30, 2922023, 2379741, 4)
INSERT VietNam ([MaTP], [TenTP], [NhiemTong], [NhiemMoi], [TuTong], [TuMoi], [TiemMot], [TiemDu], [MaNV]) VALUES (N'49', N'Long An', 39709, 46, 770, 8, 1640695, 1511267, 4)
INSERT VietNam ([MaTP], [TenTP], [NhiemTong], [NhiemMoi], [TuTong], [TuMoi], [TiemMot], [TiemDu], [MaNV]) VALUES (N'50', N'Đồng Tháp', 36404, 786, 479, 8, 1244470, 1159580, 3)
INSERT VietNam ([MaTP], [TenTP], [NhiemTong], [NhiemMoi], [TuTong], [TuMoi], [TiemMot], [TiemDu], [MaNV]) VALUES (N'51', N'An Giang', 29624, 270, 766, 22, 1540002, 1436420, 5)
INSERT VietNam ([MaTP], [TenTP], [NhiemTong], [NhiemMoi], [TuTong], [TuMoi], [TiemMot], [TiemDu], [MaNV]) VALUES (N'52', N'Bà Rịa - Vũng Tàu', 23944, 273, 102, 2, 1068330, 906066, 5)
INSERT VietNam ([MaTP], [TenTP], [NhiemTong], [NhiemMoi], [TuTong], [TuMoi], [TiemMot], [TiemDu], [MaNV]) VALUES (N'53', N'Tiền Giang', 31262, 347, 791, 11, 1451568, 1350896, 1)
INSERT VietNam ([MaTP], [TenTP], [NhiemTong], [NhiemMoi], [TuTong], [TuMoi], [TiemMot], [TiemDu], [MaNV]) VALUES (N'54', N'Kiên Giang', 27189, 302, 408, 2, 1359576, 1122839, 5)
INSERT VietNam ([MaTP], [TenTP], [NhiemTong], [NhiemMoi], [TuTong], [TuMoi], [TiemMot], [TiemDu], [MaNV]) VALUES (N'55', N'Cần Thơ', 34128, 773, 470, 8, 1017057, 982363, 1)
INSERT VietNam ([MaTP], [TenTP], [NhiemTong], [NhiemMoi], [TuTong], [TuMoi], [TiemMot], [TiemDu], [MaNV]) VALUES (N'56', N'Bến Tre', 22398, 985, 144, 14, 1086779, 926775, 4)
INSERT VietNam ([MaTP], [TenTP], [NhiemTong], [NhiemMoi], [TuTong], [TuMoi], [TiemMot], [TiemDu], [MaNV]) VALUES (N'57', N'Vĩnh Long', 22798, 596, 226, 9, 855024, 813389, 5)
INSERT VietNam ([MaTP], [TenTP], [NhiemTong], [NhiemMoi], [TuTong], [TuMoi], [TiemMot], [TiemDu], [MaNV]) VALUES (N'58', N'Trà Vinh', 15427, 329, 83, 2, 862442, 556375, 5)
INSERT VietNam ([MaTP], [TenTP], [NhiemTong], [NhiemMoi], [TuTong], [TuMoi], [TiemMot], [TiemDu], [MaNV]) VALUES (N'59', N'Sóc Trăng', 27000, 448, 235, 11, 996651, 853419, 1)
INSERT VietNam ([MaTP], [TenTP], [NhiemTong], [NhiemMoi], [TuTong], [TuMoi], [TiemMot], [TiemDu], [MaNV]) VALUES (N'60', N'Bạc Liêu', 23476, 552, 206, 0, 649480, 616065, 5)
INSERT VietNam ([MaTP], [TenTP], [NhiemTong], [NhiemMoi], [TuTong], [TuMoi], [TiemMot], [TiemDu], [MaNV]) VALUES (N'61', N'Cà Mau', 25360, 967, 96, 3, 861692, 867570, 1)
INSERT VietNam ([MaTP], [TenTP], [NhiemTong], [NhiemMoi], [TuTong], [TuMoi], [TiemMot], [TiemDu], [MaNV]) VALUES (N'62', N'Điện Biên', 523, 3, 0, 0, 383590, 266885, 5)
INSERT VietNam ([MaTP], [TenTP], [NhiemTong], [NhiemMoi], [TuTong], [TuMoi], [TiemMot], [TiemDu], [MaNV]) VALUES (N'63', N'Đăk Nông', 4101, 63, 11, 2, 464250, 388632, 3)
INSERT VietNam ([MaTP], [TenTP], [NhiemTong], [NhiemMoi], [TuTong], [TuMoi], [TiemMot], [TiemDu], [MaNV]) VALUES (N'64', N'Hậu Giang', 10974, 342, 22, 0, 603871, 550074, 3)

/* Cap nhat khoa ngoai */

ALTER TABLE TheGioi add
	constraint FK_NhanVien_TheGioi foreign key (MaNV) references NhanVien (MaNV)
ALTER TABLE VietNam add
	constraint FK_NhanVien_VietNam foreign key (MaNV) references NhanVien (MaNV)
ALTER TABLE NhanVien add
	constraint FK_QTV_NhanVien foreign key (MaAdmin) references QTV (MaAdmin)
